{
    "format_version": "1.10.0",
    "animation_controllers": {
        "controller.animation.air": {
            "states": {
                "default": {
                    "transitions": [
                        {
                            "air": "(1.0)"
                        }
                    ],
                    "on_entry": [
                        "/function skill/break/s_dirt",
                        "/function skill/break/s_sand",
                        "/function skill/break/s_redsand",
                        "/function skill/break/s_snow",
                        "/function skill/break/s_clay",
                        "/function skill/break/s_gravel",
                        "/function skill/break/s_stone",
                        "/function skill/break/s_sandstone",
                        "/function skill/break/s_netherrack",
                        "/function skill/break/s_deepslate",
                        "/function skill/break/s_obsidian",
                        "/function skill/break/s_end_stone",
                        "/tp @s ~ 200 ~",
                        "/kill @s"
                    ]
                },
                "air": {
                    "on_entry": [
                        "/function skill/break/s_dirt",
                        "/function skill/break/s_sand",
                        "/function skill/break/s_redsand",
                        "/function skill/break/s_snow",
                        "/function skill/break/s_clay",
                        "/function skill/break/s_gravel",
                        "/function skill/break/s_stone",
                        "/function skill/break/s_sandstone",
                        "/function skill/break/s_netherrack",
                        "/function skill/break/s_deepslate",
                        "/function skill/break/s_obsidian",
                        "/function skill/break/s_end_stone",
                        "/tp @s ~ 200 ~",
                        "/kill @s"
                    ],
                    "transitions": [
                        {
                            "default": "(1.0)"
                        }
                    ]
                }
            }
        }
    }
}