{
    "format_version": "1.10.0",
    "animation_controllers": {
        "controller.animation.skill": {
            "states": {
                "default": {
                    "transitions": [
                        {
                            "sneaking": "query.get_equipped_item_name(1) == 'skill_item' && query.is_sneaking"
                        }
                    ]
                },
                "sneaking": {
                    "on_entry": [
                        "/function skill/haste_skill"
                    ],
                    "transitions": [
                        {
                            "default": "query.get_equipped_item_name(1) != 'skill_item' || !query.is_sneaking"
                        }
                    ]
                }
            }
        },
        "controller.animation.skill2": {
            "states": {
                "default": {
                    "transitions": [
                        {
                            "skill": "( query.get_equipped_item_name == 'p_wooden_shovel' || query.get_equipped_item_name == 'p_stone_shovel' || query.get_equipped_item_name == 'p_iron_shovel' || query.get_equipped_item_name == 'p_golden_shovel' || query.get_equipped_item_name == 'p_diamond_shovel' || query.get_equipped_item_name == 'p_netherite_shovel' || query.get_equipped_item_name == 'p_wooden_pickaxe' || query.get_equipped_item_name == 'p_stone_pickaxe' || query.get_equipped_item_name == 'p_iron_pickaxe' || query.get_equipped_item_name == 'p_golden_pickaxe' || query.get_equipped_item_name == 'p_diamond_pickaxe' || query.get_equipped_item_name == 'p_netherite_pickaxe' ) && query.is_sneaking"
                        }
                    ]
                },
                "skill": {
                    "on_entry": [
                        "/execute @s[tag=!cool_time] ~~~ function skill/break_skill",
                        "/execute @s[tag=cool_time] ~~~ tellraw @s {\"rawtext\":[{\"text\":\"§cCooltime: \"},{\"score\":{\"name\":\"@s\",\"objective\":\"cool_time\"}},{\"text\":\" tick\"} ]}"
                    ],
                    "transitions": [
                        {
                            "default": "( query.get_equipped_item_name != 'p_wooden_shovel' && query.get_equipped_item_name != 'p_stone_shovel' && query.get_equipped_item_name != 'p_iron_shovel' && query.get_equipped_item_name != 'p_golden_shovel' && query.get_equipped_item_name != 'p_diamond_shovel' && query.get_equipped_item_name != 'p_netherite_shovel' && query.get_equipped_item_name != 'p_wooden_pickaxe' && query.get_equipped_item_name != 'p_stone_pickaxe' && query.get_equipped_item_name != 'p_iron_pickaxe' && query.get_equipped_item_name != 'p_golden_pickaxe' && query.get_equipped_item_name != 'p_diamond_pickaxe' && query.get_equipped_item_name != 'p_netherite_pickaxe' ) || !query.is_sneaking"
                        }
                    ]
                }
            }
        },
        "controller.animation.skill3": {
            "states": {
                "default": {
                    "transitions": [
                        {
                            "attack": "( query.get_equipped_item_name == 'p_wooden_shovel' || query.get_equipped_item_name == 'p_stone_shovel' || query.get_equipped_item_name == 'p_iron_shovel' || query.get_equipped_item_name == 'p_golden_shovel' || query.get_equipped_item_name == 'p_diamond_shovel' || query.get_equipped_item_name == 'p_netherite_shovel' || query.get_equipped_item_name == 'p_wooden_pickaxe' || query.get_equipped_item_name == 'p_stone_pickaxe' || query.get_equipped_item_name == 'p_iron_pickaxe' || query.get_equipped_item_name == 'p_golden_pickaxe' || query.get_equipped_item_name == 'p_diamond_pickaxe' || query.get_equipped_item_name == 'p_netherite_pickaxe' ) && variable.attack_time"
                        }
                    ]
                },
                "attack": {
                    "on_entry": [
                        "/execute @s[scores={break_skill=0..}] ~~~ function skill/attack"
                    ],
                    "transitions": [
                        {
                            "default": "!variable.attack_time"
                        }
                    ]
                }
            }
        }
    }
}