{
    "pools": [
        {
            "rolls": 1,
            "entries": [
                {
                    "type": "item",
                    "name": "seichi:teleporter",
                    "weight": 1,
                    "functions": [
                        {
                            "function": "set_count",
                            "count": {
                                "min": 1,
                                "max": 1
                            }
                        },
                        {
                            "function": "set_lore",
                            "lore": ["§r§5スニークでテレポート先を設定","§r§5長押し/右クリックでテレポート"]
                        }
                    ]
                }
            ]
        }
    ]
}