{
    "format_version": "1.12.0",
    "minecraft:entity": {
        "description": {
            "identifier": "minecraft:player",
            "is_spawnable": false,
            "is_summonable": false,
            "is_experimental": false,
            "scripts": {
                "animate": [
                    "main",
                    "teleporter1",
                    "teleporter2",
                    "afk",
                    "sneaking",
                    "skill",
                    "skill2",
                    "skill3"
                ]
            },
            "animations": {
                "main": "controller.animation.main",
                "teleporter1": "controller.animation.teleporter1",
                "teleporter2": "controller.animation.teleporter2",
                "afk": "controller.animation.afk",
                "sneaking": "controller.animation.sneaking",
                "skill": "controller.animation.skill",
                "skill2": "controller.animation.skill2",
                "skill3": "controller.animation.skill3"
            }
        },
        "component_groups": {
            "group_vsmall": {
                "minecraft:scale": {
                    "value": 0.2
                }
            },
            "group_small": {
                "minecraft:scale": {
                    "value": 0.5
                }
            },
            "group_normal": {
                "minecraft:scale": {
                    "value": 1
                }
            },
            "group_big": {
                "minecraft:scale": {
                    "value": 2
                }
            },
            "group_vbig": {
                "minecraft:scale": {
                    "value": 4
                }
            },
            "group_kick": {
                "minecraft:explode": {
                    "fuse_length": 0,
                    "fuse_lit": true,
                    "power": 0,
                    "causes_fire": false,
                    "breaks_blocks": false
                }
            }
        },
        "components": {
            "minecraft:environment_sensor": [
                {
                    "on_environment": {
                        "filters": {
                            "all_of": [
                                {
                                    "test": "has_tag",
                                    "operator": "==",
                                    "value": "vsmall"
                                },
                                {
                                    "test": "has_tag",
                                    "operator": "!=",
                                    "value": "small"
                                },
                                {
                                    "test": "has_tag",
                                    "operator": "!=",
                                    "value": "big"
                                },
                                {
                                    "test": "has_tag",
                                    "operator": "!=",
                                    "value": "vbig"
                                }
                            ]
                        },
                        "event": "event_vsmall"
                    }
                },
                {
                    "on_environment": {
                        "filters": {
                            "all_of": [
                                {
                                    "test": "has_tag",
                                    "operator": "!=",
                                    "value": "vsmall"
                                },
                                {
                                    "test": "has_tag",
                                    "operator": "==",
                                    "value": "small"
                                },
                                {
                                    "test": "has_tag",
                                    "operator": "!=",
                                    "value": "big"
                                },
                                {
                                    "test": "has_tag",
                                    "operator": "!=",
                                    "value": "vbig"
                                }
                            ]
                        },
                        "event": "event_small"
                    }
                },
                {
                    "on_environment": {
                        "filters": {
                            "all_of": [
                                {
                                    "test": "has_tag",
                                    "operator": "!=",
                                    "value": "vsmall"
                                },
                                {
                                    "test": "has_tag",
                                    "operator": "!=",
                                    "value": "small"
                                },
                                {
                                    "test": "has_tag",
                                    "operator": "!=",
                                    "value": "big"
                                },
                                {
                                    "test": "has_tag",
                                    "operator": "!=",
                                    "value": "vbig"
                                }
                            ]
                        },
                        "event": "event_normal"
                    }
                },
                {
                    "on_environment": {
                        "filters": {
                            "all_of": [
                                {
                                    "test": "has_tag",
                                    "operator": "!=",
                                    "value": "vsmall"
                                },
                                {
                                    "test": "has_tag",
                                    "operator": "!=",
                                    "value": "small"
                                },
                                {
                                    "test": "has_tag",
                                    "operator": "==",
                                    "value": "big"
                                },
                                {
                                    "test": "has_tag",
                                    "operator": "!=",
                                    "value": "vbig"
                                }
                            ]
                        },
                        "event": "event_big"
                    }
                },
                {
                    "on_environment": {
                        "filters": {
                            "all_of": [
                                {
                                    "test": "has_tag",
                                    "operator": "!=",
                                    "value": "vsmall"
                                },
                                {
                                    "test": "has_tag",
                                    "operator": "!=",
                                    "value": "small"
                                },
                                {
                                    "test": "has_tag",
                                    "operator": "!=",
                                    "value": "big"
                                },
                                {
                                    "test": "has_tag",
                                    "operator": "==",
                                    "value": "vbig"
                                }
                            ]
                        },
                        "event": "event_vbig"
                    }
                },
                {
                    "on_environment": {
                        "filters": {
                            "all_of": [
                                {
                                    "test": "has_tag",
                                    "subject": "self",
                                    "operator": "!=",
                                    "value": "op"
                                },
                                {
                                    "test": "has_tag",
                                    "subject": "self",
                                    "operator": "==",
                                    "value": "tkick"
                                }
                            ]
                        },
                        "event": "event_kick"
                    }
                }
            ],
            "minecraft:type_family": {
                "family": [
                    "player"
                ]
            },
            "minecraft:is_hidden_when_invisible": {},
            "minecraft:loot": {
                "table": "loot_tables/empty.json"
            },
            "minecraft:collision_box": {
                "width": 0.6,
                "height": 1.8
            },
            "minecraft:can_climb": {},
            "minecraft:movement": {
                "value": 0.1
            },
            "minecraft:hurt_on_condition": {
                "damage_conditions": [
                    {
                        "filters": {
                            "test": "in_lava",
                            "subject": "self",
                            "operator": "==",
                            "value": true
                        },
                        "cause": "lava",
                        "damage_per_tick": 1
                    }
                ]
            },
            "minecraft:attack": {
                "damage": 1
            },
            "minecraft:player.saturation": {
                "value": 20
            },
            "minecraft:player.exhaustion": {
                "value": 0,
                "max": 4
            },
            "minecraft:player.level": {
                "value": 0,
                "max": 24791
            },
            "minecraft:player.experience": {
                "value": 0,
                "max": 1
            },
            "minecraft:breathable": {
                "total_supply": 15,
                "suffocate_time": -1,
                "inhale_time": 3.75,
                "generates_bubbles": false
            },
            "minecraft:nameable": {
                "always_show": true,
                "allow_name_tag_renaming": true
            },
            "minecraft:physics": {},
            "minecraft:pushable": {
                "is_pushable": false,
                "is_pushable_by_piston": true
            },
            "minecraft:scaffolding_climber": {}
        },
        "events": {
            "event_kick": {
                "add": {
                    "component_groups": [
                        "group_kick"
                    ]
                }
            },
            "event_reset": {
                "add": {
                    "component_groups": [
                        "group_normal"
                    ]
                }
            },
            "event_vsmall": {
                "add": {
                    "component_groups": [
                        "group_vsmall"
                    ]
                },
                "remove": {
                    "component_groups": [
                        "group_small",
                        "group_normal",
                        "group_big",
                        "group_vbig"
                    ]
                }
            },
            "event_small": {
                "add": {
                    "component_groups": [
                        "group_small"
                    ]
                },
                "remove": {
                    "component_groups": [
                        "group_vsmall",
                        "group_normal",
                        "group_big",
                        "group_vbig"
                    ]
                }
            },
            "event_normal": {
                "add": {
                    "component_groups": [
                        "group_normal"
                    ]
                },
                "remove": {
                    "component_groups": [
                        "group_vsmall",
                        "group_small",
                        "group_big",
                        "group_vbig"
                    ]
                }
            },
            "event_big": {
                "add": {
                    "component_groups": [
                        "group_big"
                    ]
                },
                "remove": {
                    "component_groups": [
                        "group_vsmall",
                        "group_small",
                        "group_normal",
                        "group_vbig"
                    ]
                }
            },
            "event_vbig": {
                "add": {
                    "component_groups": [
                        "group_vbig"
                    ]
                },
                "remove": {
                    "component_groups": [
                        "group_vsmall",
                        "group_small",
                        "group_normal",
                        "group_big"
                    ]
                }
            }
        }
    }
}