{
    "format_version": "1.16.100",
    "minecraft:item": {
        "description": {
            "identifier": "seichi:end_stone_fragment",
            "category": "Equipment"
        },
        "components": {
            "minecraft:render_offsets": "miscellaneous",
            "minecraft:allow_off_hand": true,
            "minecraft:icon": {
                "texture": "end_stone_fragment"
            },
            "minecraft:max_stack_size": 64,
            "minecraft:foil": false,
            "minecraft:can_destroy_in_creative": false,
            "minecraft:display_name": {}
        }
    }
}