{
   "seichi:s_dirt": {
      "sound": "gravel",
      "textures": "s_dirt"
   },
   "seichi:s_sand": {
      "sound": "sand",
      "textures": "s_sand"
   },
   "seichi:s_redsand": {
      "sound": "sand",
      "textures": "s_redsand"
   },
   "seichi:s_snow": {
      "sound": "snow",
      "textures": "s_snow"
   },
   "seichi:s_clay": {
      "sound": "gravel",
      "textures": "s_clay"
   },
   "seichi:s_gravel": {
      "sound": "gravel",
      "textures": "s_gravel"
   },
   "seichi:s_sandstone": {
      "sound": "stone",
      "textures": "s_sandstone"
   },
   "seichi:s_stone": {
      "sound": "stone",
      "textures": "s_stone"
   },
   "seichi:s_end_stone": {
      "sound": "stone",
      "textures": "s_end_stone"
   },
   "seichi:s_obsidian": {
      "sound": "stone",
      "textures": "s_obsidian"
   },
   "seichi:s_netherrack": {
      "sound": "stone",
      "textures": "s_netherrack"
   },
   "seichi:s_glowing_obsidian": {
      "sound": "stone",
      "textures": "s_glowing_obsidian"
   },
   "seichi:s_deepslate": {
      "sound": "stone",
      "textures": "s_deepslate"
   },
   "seichi:e_granite": {
      "sound": "stone",
      "textures": "e_granite"
   },
   "seichi:s_test": {
      "sound": "stone",
      "textures": "cobblestone"
   }
}