{
    "format_version": "1.16.100",
    "minecraft:item": {
        "description": {
            "identifier": "seichi:teleporter",
            "category": "Equipment"
        },
        "components": {
            "minecraft:render_offsets": "miscellaneous",
            "minecraft:icon": {
                "texture": "teleporter"
            },
            "minecraft:max_stack_size": 1,
            "minecraft:use_duration": 100000000,
            "minecraft:foil": true,
            "minecraft:can_destroy_in_creative": false,
            "minecraft:food": {
                "can_always_eat": true
            }
        }
    }
}