{
    "format_version": "1.16.100",
    "minecraft:item": {
        "description": {
            "identifier": "seichi:tp_shop",
            "category": "Equipment"
        },
        "components": {            "minecraft:allow_off_hand": true,
            "minecraft:render_offsets": "miscellaneous",
            "minecraft:icon": {
                "texture": "tp_shop"
            },
            "minecraft:max_stack_size": 64,
            "minecraft:can_destroy_in_creative": false,
            "minecraft:foil": false
        }
    }
}