{
    "resource_pack_name": "vanilla",
    "texture_name": "atlas.items",
    "texture_data": {
        "teleporter": {
            "textures": "textures/items/teleporter"
        },
        "tp_lobby": {
            "textures": "textures/items/tp_lobby"
        },
        "tp_shop": {
            "textures": "textures/items/tp_shop"
        },
        "tp_random": {
            "textures": "textures/items/tp_random"
        },
        "tp_op": {
            "textures": "textures/items/tp_op"
        },
        "s_wooden_shovel": {
            "textures": "textures/items/wood_shovel"
        },
        "s_stone_shovel": {
            "textures": "textures/items/stone_shovel"
        },
        "s_iron_shovel": {
            "textures": "textures/items/iron_shovel"
        },
        "s_golden_shovel": {
            "textures": "textures/items/gold_shovel"
        },
        "s_diamond_shovel": {
            "textures": "textures/items/diamond_shovel"
        },
        "s_netherite_shovel": {
            "textures": "textures/items/netherite_shovel"
        },
        "s_wooden_pickaxe": {
            "textures": "textures/items/wood_pickaxe"
        },
        "s_stone_pickaxe": {
            "textures": "textures/items/stone_pickaxe"
        },
        "s_iron_pickaxe": {
            "textures": "textures/items/iron_pickaxe"
        },
        "s_golden_pickaxe": {
            "textures": "textures/items/gold_pickaxe"
        },
        "s_diamond_pickaxe": {
            "textures": "textures/items/diamond_pickaxe"
        },
        "s_netherite_pickaxe": {
            "textures": "textures/items/netherite_pickaxe"
        },
        "skill_item": {
            "textures": "textures/items/skill_item"
        },
        "dirt_material": {
            "textures": "textures/items/dirt_material"
        },
        "sand_material": {
            "textures": "textures/items/sand_material"
        },
        "redsand_material": {
            "textures": "textures/items/redsand_material"
        },
        "snow_material": {
            "textures": "textures/items/snow_material"
        },
        "clay_material": {
            "textures": "textures/items/clay_material"
        },
        "gravel_material": {
            "textures": "textures/items/gravel_material"
        },
        "stone_fragment": {
            "textures": "textures/items/stone_fragment"
        },
        "sandstone_fragment": {
            "textures": "textures/items/sandstone_fragment"
        },
        "netherrack_fragment": {
            "textures": "textures/items/netherrack_fragment"
        },
        "deepslate_fragment": {
            "textures": "textures/items/deepslate_fragment"
        },
        "obsidian_fragment": {
            "textures": "textures/items/obsidian_fragment"
        },
        "end_stone_fragment": {
            "textures": "textures/items/end_stone_fragment"
        },
        "dirt_grain": {
            "textures": "textures/items/dirt_grain"
        },
        "sand_grain": {
            "textures": "textures/items/sand_grain"
        },
        "redsand_grain": {
            "textures": "textures/items/redsand_grain"
        },
        "snow_grain": {
            "textures": "textures/items/snow_grain"
        },
        "clay_grain": {
            "textures": "textures/items/clay_grain"
        },
        "gravel_grain": {
            "textures": "textures/items/gravel_grain"
        },
        "stone_pebble": {
            "textures": "textures/items/stone_pebble"
        },
        "sandstone_pebble": {
            "textures": "textures/items/sandstone_pebble"
        },
        "netherrack_pebble": {
            "textures": "textures/items/netherrack_pebble"
        },
        "deepslate_pebble": {
            "textures": "textures/items/deepslate_pebble"
        },
        "obsidian_pebble": {
            "textures": "textures/items/obsidian_pebble"
        },
        "end_stone_pebble": {
            "textures": "textures/items/end_stone_pebble"
        },
        "p_wooden_shovel": {
            "textures": "textures/items/p_wooden_shovel"
        },
        "p_stone_shovel": {
            "textures": "textures/items/p_stone_shovel"
        },
        "p_iron_shovel": {
            "textures": "textures/items/p_iron_shovel"
        },
        "p_golden_shovel": {
            "textures": "textures/items/p_golden_shovel"
        },
        "p_diamond_shovel": {
            "textures": "textures/items/p_diamond_shovel"
        },
        "p_netherite_shovel": {
            "textures": "textures/items/p_netherite_shovel"
        },
        "p_wooden_pickaxe": {
            "textures": "textures/items/p_wooden_pickaxe"
        },
        "p_stone_pickaxe": {
            "textures": "textures/items/p_stone_pickaxe"
        },
        "p_iron_pickaxe": {
            "textures": "textures/items/p_iron_pickaxe"
        },
        "p_golden_pickaxe": {
            "textures": "textures/items/p_golden_pickaxe"
        },
        "p_diamond_pickaxe": {
            "textures": "textures/items/p_diamond_pickaxe"
        },
        "p_netherite_pickaxe": {
            "textures": "textures/items/p_netherite_pickaxe"
        },
        "e_obs_pickaxe": {
            "textures": "textures/items/e_obs_pickaxe"
        }
    }
}