{
  "num_mip_levels": 4,
  "padding": 8,
  "resource_pack_name": "vanilla",
  "texture_name": "atlas.terrain",
  "texture_data": {
    "s_dirt": {
      "textures": "textures/blocks/s_dirt"
    },
    "s_sand": {
      "textures": "textures/blocks/s_sand"
    },
    "s_redsand": {
      "textures": "textures/blocks/s_redsand"
    },
    "s_snow": {
      "textures": "textures/blocks/s_snow"
    },
    "s_clay": {
      "textures": "textures/blocks/s_clay"
    },
    "s_gravel": {
      "textures": "textures/blocks/s_gravel"
    },
    "s_sandstone": {
      "textures": "textures/blocks/s_sandstone"
    },
    "s_stone": {
      "textures": "textures/blocks/s_stone"
    },
    "s_end_stone": {
      "textures": "textures/blocks/s_end_stone"
    },
    "s_obsidian": {
      "textures": "textures/blocks/s_obsidian"
    },
    "s_netherrack": {
      "textures": "textures/blocks/s_netherrack"
    },
    "s_glowing_obsidian": {
      "textures": "textures/blocks/s_glowing_obsidian"
    },
    "s_deepslate": {
      "textures": "textures/blocks/s_deepslate"
    },
    "e_granite": {
      "textures": "textures/blocks/e_granite"
    }
  }
}