{
    "format_version": "1.16.100",
    "minecraft:item": {
        "description": {
            "category": "equipment",
            "identifier": "seichi:p_golden_shovel"
        },
        "components": {
            "minecraft:icon": {
                "texture": "p_golden_shovel"
            },
            "minecraft:creative_category": {
                "parent": "itemGroup.name.shovel"
            },
            "minecraft:max_stack_size": 1,
            "minecraft:hand_equipped": true,
            "minecraft:allow_off_hand": true,
            "minecraft:foil": true,
            "minecraft:mining_speed": 1,
            "minecraft:damage": 1,
            "minecraft:enchantable": {
                "value": 15,
                "slot": "shovel"
            },
            "minecraft:can_destroy_in_creative": false,
            "minecraft:render_offsets": "tools",
            "minecraft:display_name": {},
            "minecraft:digger": {
                "use_efficiency": true,
                "destroy_speeds": [
                    {
                        "block": "seichi:s_dirt",
                        "speed": 9
                    },
                    {
                        "block": "seichi:s_sand",
                        "speed": 9
                    },
                    {
                        "block": "seichi:s_redsand",
                        "speed": 9
                    },
                    {
                        "block": "seichi:s_snow",
                        "speed": 9
                    },
                    {
                        "block": "seichi:s_clay",
                        "speed": 9
                    },
                    {
                        "block": "seichi:s_gravel",
                        "speed": 9
                    }
                ]
            }
        }
    }
}