{
    "format_version": "1.16.100",
    "minecraft:item": {
        "description": {
            "category": "equipment",
            "identifier": "seichi:p_wooden_pickaxe"
        },
        "components": {
            "minecraft:icon": {
                "texture": "p_wooden_pickaxe"
            },
            "minecraft:creative_category": {
                "parent": "itemGroup.name.pickaxe"
            },
            "minecraft:max_stack_size": 1,
            "minecraft:hand_equipped": true,
            "minecraft:allow_off_hand": true,
            "minecraft:foil": true,
            "minecraft:mining_speed": 1,
            "minecraft:damage": 1,
            "minecraft:enchantable": {
                "value": 15,
                "slot": "pickaxe"
            },
            "minecraft:can_destroy_in_creative": false,
            "minecraft:render_offsets": "tools",
            "minecraft:display_name": {},
            "minecraft:digger": {
                "use_efficiency": true,
                "destroy_speeds": [
                    {
                        "block": "seichi:s_stone",
                        "speed": 3
                    },
                    {
                        "block": "seichi:s_sandstone",
                        "speed": 3
                    },
                    {
                        "block": "seichi:s_netherrack",
                        "speed": 3
                    },
                    {
                        "block": "seichi:s_deepslate",
                        "speed": 3
                    },
                    {
                        "block": "seichi:s_obsidian",
                        "speed": 3
                    }
                ]
            }
        }
    }
}